,Rating,Text
0,5,blew my expectations away truly nextgen gaming in your pocket
1,3,good for nothing
2,5,fantastic deal on fast delivery great price and topnotch quality
3,5,excellent product just nice for one hands i have no complaint cause everything is original
4,5,super duper i use thanks noon
5,2,im very desapointed this
6,5,this comment is for those who are afraid to buy the device from noon
7,4,very satisfied
8,1,one of the worst phones ever
9,1,review for i
10,5,and days usage update
11,3,original product with affordable great discount
12,1,versions guide international countryregion can be from any region facetime yes sim type nan
13,1,hi i ordered for dual physical sim after unbox it has only physical sim please return order
14,2,resolution degrades when the heats up
15,5,
16,5,excellent product and genuine sellers
17,5,thank you for your kind treatment and appreciation of the circumstances a thousand thanks from the heart you are still distinguished by your speed of accomplishment and appreciation
18,5,excellent seller
19,5,i liked the it is very good new and has great features i recommend it to you
20,5,original
21,5,original product delivered on time
22,1,very bad
23,4,fast delivery great product slightly high price
24,3,price and packaging
25,5,gb natural titanium g with facetime middle east version
26,1,verify the copy
27,5,fast delivery
28,5,the device is excellent and original
29,4,looks ordinary gold color
30,5,update to an ios
31,5,best seller
32,5,wow wow wow
33,1,face time can not install on
34,5,competitive price faster delivery smooth payment
35,2,the is original there is a difference in quality and it also gets very hot
36,5,iphone promax
37,5,thanks you noon
38,1,not coming esim option
39,1,the has more glue residue in the edges and down charging port as well
40,5,the is original and amazing thank god i recommend it to you arab computers
41,5,superb
42,1,this is china mainland not hong kong and also box is damaged
43,1,it is original but doesnt match the description
44,5,not opened
45,1,its not factory unlocked not recommended
46,5,original made in california
47,1,fake
48,5,fast delivery correct variant safe packaging
49,3,almost good product
50,5,perfect
51,5,nice product cheap price original
52,5,
53,5,best buy
54,5,the cellphone is very smooth
55,4,trusted seller
56,1,i bought the and suddenly i got a manufacture issue just after months
57,1,the turned off and wont turn on
58,5,awesome
59,5,verry good produck i alredy buyd two pro from here its was very nice i get in june and
60,5,excellent the is original
61,5,excellent
62,5,the quality and display are absoulety amazing
63,5,original
64,5,original device i love it so much thanks noon
65,4,good but wanted more innovation as owner of it feels very similar
66,5,on time delivery original packing genuine product
67,5,amazing good
68,5,legit
69,5,excellent
70,5,great deal availability on noon during amazon prime day and quick delivery
71,2,the product was chosen by the middle east but it turned out to be an american version
72,5,super value for money
73,5,the product is original
74,5,
75,5,amazing so good
76,5,
77,5,best in class
78,5,cemara and zooming level based on upgrade
79,5,original and same specifications required
80,5,
81,1,chinese product and commercial fraud legal action is being taken
82,5,its japanese
83,5,the best really like it
84,1,where can i return the
85,1,fake product made in china
86,5,legit seller and
87,5,
88,5,alhumdulillah is very good and the same delivered dual physical sim working
89,1,the product was received in very very bad condition the plastic cover was open and the box was dirty
90,5,
91,5,safe packing and original product and fast delivery
92,4,its not middle east version
93,5,brand new for sure
94,5,the desert color is very beautiful unlike what is said about it
95,5,same as shown in the picture
96,5,original tdra
97,5,i love this
98,5,original with warranty
99,1,chinese version not international
100,5,thank you noon
101,5,excellent product
102,5,
103,5,complete trust from the seller noon
104,5,amazing i like it
105,1,selling like used already activated
106,5,my new sweet promax
107,5,satisfied
108,1,new can i find a screenshot of it
109,5,great product
110,1,i got when i opened its active but after mins screen get black
111,5,tdra
112,5,superb upgrade worth every penny
113,1,japanese version
114,1,wrong varient
115,5,happy with purchase
116,5,authentic product of
117,5,legit and original fast delivery no need to go to the mall to buy thanks noon
118,1,product
119,5,veeri nicee
120,5,original and excellent product
121,5,middle east version
122,1,wrong delivery
123,5,best
124,5,very good
125,5,original
126,5,its tdra version without facetime very good product
127,5,package is very well and safety proted
128,3,excellent product with heating screen
129,2,no facetime
130,5,the product is amazing and as describedi love it
131,5,so good
132,5,i like so kuch
133,5,great product
134,5,legit
135,5,the device arrived to me in beautiful condition and without any damage
136,5,the device does not need anything thank god
137,5,perfect and original
138,5,original
139,5,
140,5,very good
141,5,
142,5,original
143,5,trusted recommended
144,5,original
145,5,i am very happy to get the original
146,5,awesome
147,5,good qualit thank you dear noon my favorite color black
148,5,tdra
149,5,original as mention japan spec
150,5,its legit product
151,5,great original time to time delivery
152,5,pro
153,5,legit product
154,5,i want the middle east version and the one i received is vietnamese
155,1,received damaged gb
156,5,
157,5,concealed packing
158,5,original
159,2,the price is too high
160,5,gb
161,1,issue with voice memo quality on whatsapp
162,5,the product is original and the price is excellent
163,5,original and authentic
164,5,product seller and number please
165,5,
166,5,finally its here
167,5,excellent
168,5,gb white
169,5,the product turned out to be original and excellent
170,1,coz its difrant from what i order
171,5,awesome
172,5,original and excellent device devices from noon are always original and at a very reasonable price
173,5,original product
174,1,very bad no middle east version
175,5,brand new fone
176,5,good service and original product
177,5,original as showing
178,5,quality of product
179,5,original product and on time delivery
180,5,genuine tra
181,5,on time delivery
182,1,unwanted product
183,5,packed with excellent features
184,5,good producg
185,5,very nice working
186,1,this not uae version
187,5,highly recommended fast and original
188,5,original pack and all good genuine
189,1,they dont accept return neither exchange
190,5,i ordered the global version
191,4,product is good but they should provide protector and pouch in this amount
192,3,disappointing
193,1,received the wrong item very disappointed
194,4,genuine product ok
195,2,charger
196,5,great service
197,2,ordered an international version phys sim esim got the chinese version instead phys sim
198,5,good device
199,5,highly recommended
200,5,very good
201,5,fast delivery
202,5,settisfied
203,5,original
204,1,fake product received
205,5,great features
206,5,original one
207,5,its so nice i love it
208,5,on time and perfect piece
209,5,highly recommended
210,5,very satisfied
211,4,thank you noon
212,5,
213,5,
214,5,
215,2,replacement method and the product is in new condition
216,5,original product nd good seller
217,5,the size of the is impressive
218,5,original product
219,5,genuine product
220,5,genuine product
221,5,good condition
222,1,
223,2,received japan why
224,5,amazing
225,5,authentic
226,5,i am return this
227,5,the product i got is japan spec its good
228,3,packing was very cheap only packed in a plastic bag
229,3,a mixed experience
230,5,credibility
231,5,excellent
232,1,your treatment is very very very bad
233,5,original product
234,5,
235,5,good quality and excellent
236,4,life is as good as said
237,5,best service
238,5,
239,5,original color is great
240,1,facetime doses not working
241,5,
242,5,nothing
243,5,product is original
244,5,nice i love it
245,5,
246,5,good
247,1,sell used as new dont buy from noon
248,5,amazing health very good
249,5,nice and great
250,5,crazy
251,5,superb
252,5,original
253,5,thank you my purchase is good brand new
254,5,nice product and fast delivery
255,5,
256,5,excellent
257,5,i pro gb
258,5,gb good price
259,5,lucky to buy from this store
260,5,great packaging and arrived on time
261,5,yes and i left a comment that is worthy of your excellent service level
262,5,i love it
263,5,
264,5,my elder brother is very happy
265,1,overheating problem
266,5,excellent product band new
267,5,the product is original and the packaging is very good
268,5,amazing
269,5,og products
270,1,yes highly disappointed from this seller not recommended to buy from this seller
271,5,pto
272,1,stolen
273,1,japan version with shutter sound
274,5,same description and color
275,5,delivered on time product is same as described
276,1,i order tdra but they deliver saudi made
277,5,satisfied
278,2,the version is not middle east version japan version
279,5,wow im so happy orginal i
280,4,
281,5,productive authentic and original
282,5,japan variant
283,5,tdra itemquick delivery
284,5,original
285,1,the has scratches
286,5,i need an gb memory
287,5,
288,5,thank god
289,5,good quality
290,1,disappointed with bluetooth and customer service
291,5,excellent product
292,3,no symbols
293,5,highly recommend
294,5,very beautiful
295,5,great value and genuine product
296,4,original product
297,5,authentic product
298,5,nice one
299,5,noon
300,5,nice one
301,5,perfect
302,5,the product is really good
303,4,the product is as described
304,5,its a good
305,4,original product with and half delivery time
306,5,very recommend
307,5,its good humble to use
308,5,thank you noon thank you treasures of the gulf
309,5,thank you for your honesty
310,5,original do not hesitate and take it
311,3,face time not showing
312,5,best
313,5,on time deliver
314,5,mashaallah the packaging is excellent the is amazing
315,5,amazing
316,5,good experience
317,5,
318,3,my problem wasnt with the device my problem was with the connection
319,5,best experience
320,1,wrong unit sold
321,5,original
322,5,original as described by the seller
323,5,excellent
324,5,was very skeptical
325,5,i advise everyone to use it
326,5,
327,4,good price delivered fast but no esim
328,5,good fone
329,5,very nice thank you noon it arrived just like i wanted it very nice
330,1,major issue with during the new setup
331,5,on time delivery
332,5,nice packaging items is safe and legit
333,4,all is good except for one
334,4,confused
335,5,perfect touch
336,5,legit
337,1,advice not to take it
338,5,great first experience great experience
339,1,the is used
340,5,everything good
341,5,
342,5,perfect
343,5,nothing of a big upgrade just average
344,5,excellent device
345,5,product was good
346,5,review for product
347,5,excellent
348,5,
349,1,not match with proposed specs
350,1,the order came to me with glue
351,5,very nice i received the same picture thank you noon
352,5,above excellent color perfect
353,5,the tongue is unable to express god willing blessed be the most gracious peace be upon the prophet i wish you further progress and permanent success
354,5,well packed
355,5,perfect
356,5,noon perfect option for online shopping
357,5,the color is nice
358,5,this product is is
359,5,very nice product
360,5,everything is perfect
361,5,frankly i recommend dealing with him everything arrived to me in good condition and clean i thank the store owner for his honesty
362,5,nice product
363,1,the has not been opened from the box and is new as is i was cancelled from work and sent to egypt and the is ready for you
364,5,good
365,5,its soooo good thank god i got it
366,5,good
367,5,genuine product
368,1,the product did not match my order and i received another product which was a poorly made wristwatch that does not exceed fifty riyals in value
369,5,original
370,5,packaged in original factory packaging
371,5,superb
372,5,
373,1,the device is very bad and turns off by itself the problem is that it is working in the background but the screen turns black and suddenly it comes back on after an hour
374,4,the is in good condition
375,5,
376,2,overheating
377,5,amazing original
378,4,went into hibernation or sleep
379,2,coverage expired
380,5,nice fast delivery
381,5,superb loved the one
382,5,superb
383,5,product exactly as described shipping was super fast
384,4,not tdra japan variant original
385,5,
386,5,fantastic
387,5,original
388,5,i like netural titanium fel good
389,5,fully sealed packaging
390,5,no guide book inside
391,5,awesome product
392,5,is the best best best
393,1,not international version
394,1,the request is not for what reason
395,5,the device is great original
396,5,noon is a source of trust
397,1,item was not international version
398,5,very good
399,1,got suck in the middle of the installation and now unable to unlock or ope
400,5,excellent
401,5,original
402,1,consumption
403,5,brand new love it
404,5,everything is good
405,1,facetime
406,2,i order dual physical sim i got china variant
407,5,express mall delivery
408,5,deserves an excellent rating
409,5,one time
410,1,review after using months
411,3,what do you expect from an every year
412,2,is not charging
413,3,care service
414,5,amazing
415,5,original product
416,5,excellent and original
417,5,dual esim
418,5,tra original
419,5,nice
420,5,very good products thank you noon
421,5,trusssttttttbleeeee
422,5,great experience
423,5,very beautiful
424,5,the device is perfect thank god
425,4,great
426,5,nice product
427,4,its a great phn
428,1,its the japanese version dont get it
429,2,software issue out of box
430,5,i
431,5,the is excellent
432,5,i was afraid to ask
433,5,fast delivery thank you
434,5,upgrade to
435,5,japanese version in perfect conditions
436,5,nice
437,1,the product is a fake made in china did not manufacture an with two sim slots i have a full refund
438,1,the product is a japanese version and not a global version as shown when i bought it and when i returned it they refused to return it
439,5,gb
440,5,genuine product super
441,3,hithis is expensive but dont have tdrawhy explain to me please
442,1,not working micro and lower sound speaker
443,5,genuine product
444,5,colour and quality excellent
445,3,the price
446,5,genuine
447,5,product as ordered
448,5,good
449,1,fake smartphone everything is fake
450,5,terrific
451,5,original
452,5,nice product and original
453,5,excellent
454,5,best colour and amazing buy it without any worries
455,5,excellent
456,5,amazing experience
457,5,nice
458,1,was used
459,5,the is excellent and original from itself i have had it for a month and have not had any problems thank god
460,5,genuine product lover price
461,1,specifications difference
462,5,product is good
463,5,good excellent
464,2,bought last november
465,1,wrong its not my request
466,1,i have been buying the items from the noon since long time but only this product i am facing problem
467,5,thanks good service
468,5,the product is amazing it arrived quickly
469,1,not satisfied with the
470,1,not working
471,4,
472,5,happy customer
473,5,excellent
474,5,thank you noon
475,5,amazing
476,1,i want to return the product or replace the charger
477,5,excellent
478,5,excellent
479,5,no words
480,3,good
481,5,fast safe
482,5,nice product
483,1,get used
484,4,this is a great
485,1,issues with signal most of the time
486,5,thank you
487,5,it is original and i have been using it for more than months and there is no defect in it at all
488,5,
489,3,this is my first time ordering from noon i was hoping to get a gift with the order like my friends did when they ordered from extra
490,5,the product is original
491,1,defected
492,1,
493,1,nothing works
494,5,goood
495,5,amazing original product
496,4,in general ok but i got the japan market version of the
497,5,
498,5,fantastic
499,1,the is broken
500,5,no
501,5,good
502,5,delivery
503,5,and warranty
504,5,superb
505,5,original product
506,4,good
507,1,japan version not international
508,5,best in the market
509,1,got a another order
510,3,i just shifted from to for me wow amazing experience im having
511,1,packing is not good
512,5,original product
513,5,originally products tdra proved
514,5,original product
515,5,excellent
516,5,thanks
517,2,different order and bad delivery time
518,5,loved it
519,5,good quality
520,5,the product is original
521,1,fake item
522,5,the device is original thank god it is enough that the seller is extra
523,5,original
524,5,very cool
525,5,very good
526,5,very fast delivery as per description
527,5,the product is genuine and i like the service delivery of noon good job keep it up
528,5,physical dual sim
529,5,
530,1,international version is not mentioned thats asian and makes sound while making pics
531,5,
532,5,very cool
533,5,the product is flawless
534,3,the is not good
535,5,very beautiful
536,1,usage issues
537,5,
538,5,it came to me in a sealed envelope and it was clearly original
539,2,was not packed in noon bar code stamp keys
540,1,this time very bad service
541,5,that was amazing
542,1,not suitable for use in the uae
543,5,its a good
544,5,excellent
545,3,damaged box slow delivery high price
546,1,very bad
547,1,version
548,1,i found minor scratches but unfortunately after opening you cant refund it
549,5,the device is generally excellent
550,5,love it
551,5,the seller is original iphones i am very scared buying very expensive like this online
552,5,japan version expect sound in portrait
553,2,you said that it supports facetime but it turned out that it does not the most important thing is reliability i regret buying from you
554,5,original
555,5,thanks noon
556,1,awful
557,5,genuine products
558,5,its very good
559,5,pro
560,5,as is
561,5,amazing product
562,5,
563,5,the superb quality this time
564,5,wonderful for the price
565,1,product got burn from the left side noon and the seller refused to change it after months use
566,4,fast delivery
567,5,
568,4,amazing
569,1,do not buy from this seller
570,5,middle east warranty
571,4,price was good
572,5,best
573,4,good
574,4,delivery speed
575,5,very good
576,5,original product
577,3,excellent product but something is missing
578,3,product version
579,5,excellent product
580,3,its just okay
581,2,zero aftersales service and response unfortunately
582,5,fast delivery
583,1,very bad product in the product description on the website they wrote new when i received it i found it renewed
584,5,its really really nice its really really nice
585,5,original
586,4,missing user manual
587,5,i bought an it is really excellent original
588,2,consume very fast
589,1,the product is not original and does not have the same specifications as the the product received is chinese
590,5,excellent as described
591,5,its beautiful
592,3,fast delivery
593,5,as advertised excellent condition and same day delivery
594,5,very very good
595,2,passive aggressive
596,1,they sold me the japanese version and i cant turn off the shutter sound
597,1,horrible experience
598,4,excellent
599,1,fake and no warranty for this product pls do not bye international version
600,5,good product
601,5,excellent and fast shipping from riyadh to tabuk in only days
602,1,we request return but no response and they send product back to us there is no call center number
603,3,no one should take it except from the agent himself
604,5,i was scared but it turned out to be original and awesome
605,5,packing
606,1,the product mentioned and received are different
607,5,device recive good but
608,5,owsome i liked vip thx noon
609,5,imagination
610,3,misleading information
611,5,great deal happy with the its working well recommend the seller
612,3,jp unit not lla
613,1,not working
614,5,after using month no problems at all alhumdulillah genuine
615,4,good product
616,5,
617,5,original
618,5,product original
619,1,bad
620,5,original middle east version and thumps up for seller they provide same items
621,5,very good
622,5,the is realy good
623,5,the that i received is original thank god and the seller is very honest the is amazing
624,1,the product sold doesnt meet specifications published
625,5,very good quality
626,5,ayman
627,1,return or exchange the
628,5,its meet my expectations
629,5,trust
630,5,great
631,1,not international version also not have dual sim option
632,5,the best
633,1,poor quality
634,1,fake item
635,5,original product
636,1,the product is damaged and noon does not even try to satisfy or help the consumer
637,3,japancanada version not the international version
638,5,very good
639,1,my does not charge and i cant turn on
640,5,excellent
641,5,as described
642,5,the device is very beautiful
643,5,awesome
644,5,everytime when i order noon send amazing original things really appreciated
645,5,very fast delivery and product quality also package was very secure
646,4,doesnt support esim
647,1,after days display gone now showing anything on display
648,1,version is not matching
649,5,great
650,1,the device gets hot and does not work i do not recommend buying it
651,5,
652,1,fake item
653,1,i will be out of commission after days
654,4,
655,1,nonreturnable product
656,5,original product sealed package
657,5,masaallah
658,1,i dont want this product
659,1,product is good but dont know why its getting too hot when we are doing video call
660,4,vary nice
661,4,nice
662,5,i liked it
663,5,japanese version
664,5,punctual is awesome
665,5,good
666,5,delivery is so fast
667,1,bad
668,5,the seller is authorized and the device is original
669,5,thank youuuu
670,5,product information
671,5,
672,5,masha allah tabarak allah from the last evaluation take it without thinking
673,5,genuine product
674,5,very good
675,1,no power
676,5,i love noon
677,5,the device is excellent thank god may god bless it it is a respectable and reliable company to deal with
678,5,i like
679,1,noon purchase and service is very worst dont purchase from noon i dont recommend to purchase
680,1,dont buy this product
681,5,very good
682,5,god bless
683,5,
684,5,legit and perfect condition
685,4,pretty good
686,5,good seller
687,5,excellent
688,5,expected
689,5,original genuine product
690,5,great
691,5,its original and there is no problem so far
692,5,always noon the best for us
693,5,excellent
694,5,excellent everything
695,5,awesome
696,4,packaging
697,1,the has not been around for months and it keeps turning off and overheating
698,5,
699,5,product is very good
700,1,choose the product carefully
701,5,
702,5,is fantastic
703,1,the box is very tired and broke the first time
704,5,japan spec original
705,5,gb
706,5,happy
707,5,perfectly packaged
708,5,dangerous color
709,5,
710,1,i
711,1,draining drastically
712,3,non tdra
713,5,if the condition remained the same the would be great
714,5,everything is good is bast
715,1,its japan spec and price is too high
716,1,it didnt last a week and its ruined
717,5,good
718,5,excellent
719,4,warranty
720,5,fully compliant with specifications
721,5,super
722,5,legiiiiit
723,1,non tdra registered
724,5,good
725,5,excellent original product i always deal with noon and it is not the last
726,5,fantastic product good delivery service
727,1,the is stuck be careful not to waste your money
728,5,superb product performance
729,5,backup
730,5,excellent
731,5,fast genuinely unsealed and authentic
732,5,best
733,5,it is best
734,5,it was a good
735,5,best
736,1,do not buy the physical dual sim
737,5,good product at amazing price
738,5,no facetime
739,5,arrive on time
740,5,beautiful
741,5,mashaallah its a powerful device and i highly recommend it
742,5,good and excellent
743,3,old stock
744,4,this is japan varient
745,5,device quality
746,1,i do not advise you
747,5,as described
748,3,missing
749,3,its just a dont spend your all money on it
750,5,
751,1,international model but there is no esim
752,5,great
753,5,packaging product quality original delivery price
754,5,promax usa version
755,1,have system error keep cutting calls and lossing mic voice
756,5,excellent
757,5,you r good service and original salle
758,5,
759,1,the product is not working
760,5,satisfied
761,3,box issu
762,5,good conditions
763,1,i order it its hase a issues and gone a hang
764,5,excellent
765,1,not genuine products its not trn version for uae
766,5,i in california
767,3,rate is little high from market
768,1,phones
769,5,it was a good experience buying from noon
770,5,delivered in two days
771,1,why is there no packaging on the product is it a refurbished product
772,5,the is original
773,3,its getting probably in face id
774,5,original
775,5,very good
776,1,dont give me same product
777,5,the real and its great
778,1,we trusted noon we got a used product its asking password
779,1,im order international version but received japan version
780,5,same description and delivery exactly
781,5,good
782,5,legit
783,1,i got my today why my warranty is only till is it used or what
784,5,good
785,5,amazing products amazing color and screen size
786,2,intelligence not working
787,5,very good service its on time or you can say before time im very glad to choose noon thank
788,5,thank god it came back sealed i was scared but thank god
789,4,amazing
790,5,nothing better
791,5,original and delivery on time
792,5,product is original
793,5,good product
794,5,original thank you noon
795,1,the request is still as it seems
796,5,its brand new and in perfect condition
797,4,legit
798,5,cemera very good all is good
799,5,the product was very good thanks for the help
800,5,speed of delivery and reliability of dealing
801,1,i need to use it and evaluate it at a store or branch of the company to make sure if it is what i want and if it is original
802,1,its more expensive than
803,5,timely delivery and genuine product
804,2,international version means japanese version i got
805,5,pro gb intl version
806,5,the arrived on time sealed well and had a nice discount
807,1,the sound is low and the device gets very hot while charging
808,1,send use
809,2,charge problem
810,5,
811,5,great service and fast delivery
812,5,the device in general and all its programs are excellent
813,5,it was same as described im hundred percent satisfied
814,2,not that good
815,5,its good
816,5,good
817,5,a awesome product original one i love to use it first i was afraid of buying it from noon but
818,1,japanese
819,4,good camra
820,5,beautiful
821,5,good
822,5,working perfectly
823,5,legit product legit seller
824,5,this is origional i like noon
825,5,genuine product
826,5,timely delivery and competitive pricing
827,1,the product arrived open from the inside the outer bag is sealed
828,5,excellent
829,5,same as described original product
830,5,back up
831,5,its original
832,5,the product is original
833,5,thanks
834,1,defective dont buy
835,5,delivery time
836,5,awesome
837,5,genuine and original i
838,5,as advertised new international version
839,5,same product original from
840,1,facetime is not supported
841,3,there wasnt logo sticker inside box
842,5,hertz and cpu
843,5,amazing right on time fluid and quick no heating issue
844,4,overall is good but the part slightly disappointed
845,5,genuine dual sim as i wantedperfect service by noon as always
846,5,crazy
847,5,awesome product by
848,5,received the product as mentioned in the description
849,1,too much heat problem
850,1,why does the device get hot
851,3,hitting problems
852,1,
853,1,not working
854,2,i want it to be packaged better and then put in a valuable bag
855,5,excellent
856,5,original factory sealed product
857,3,box is broken
858,5,good as if i got it from a wellknown store like jarir or others
859,4,warranty i need the seller to send it to me by email
860,5,as described
861,4,good
862,1,lack of credibility in the shipment arriving on time as written in the offer
863,5,amazing device
864,5,legit item fast and safe delivery
865,5,good product genuine tdra stock
866,1,very fast getting low
867,1,its a used
868,5,good quality i like it but no difference in international version and middle east
869,5,original middle east version
870,5,as described
871,5,authentic arrived as described
872,5,fast delivery and original and new
873,5,original product
874,5,theyre very good with they people
875,4,they give japanese version
876,5,awesome
877,5,the global version japanese is cheaper and better
878,5,noon is the best platform in uae
879,5,as described
880,1,very bad performance difficult to pair with watch
881,4,i bought it as international version but its not international version its japan version
882,5,the size
883,5,size is standard
884,5,fast delivery the arrived in a wonderful professional manner to the right place
885,5,or do i use it after that but i always buy from noon and their products are great
886,1,repack
887,5,the product is excellent original and has the same specifications
888,5,everything is perfect thank you and i hope to get cashback
889,1,clarify the origin of the so that people are not deceived
890,1,there is a screen hang problem
891,3,the charging cable is not working and there is no warranty
892,5,good one
893,4,original
894,2,no facetime
895,5,so sweet i bought it in installments
896,5,delivery
897,5,the packing was amazing
898,5,everything checked
899,4,the cartoon was scratched
900,5,good life
901,5,satisfied with product
902,1,no facetime audio no intelligence in this version
903,1,poor performance for
904,3,product coverage already activated
905,4,i m very happy with my new
906,5,excellent
907,5,excellent and continuous
908,5,amazing
909,5,
910,5,noon company is reliable punctual and a very respectable company
911,5,excellent genuine product
912,5,noon ki sarvis bahut acchi hai aur fast hai
913,5,genuine and quick delivery
914,1,noon sells fake iphones
915,3,warranty period is not as stated
916,5,delivery time is perfect
917,5,it arrived to me in an hour thank god it was perfect and i got the middle east version with facetime working on it
918,5,excellent
919,5,gb us version
920,5,perfect
921,5,good package on time delivered
922,4,pro
923,5,excellent services
924,5,besr product
925,5,original sealed
926,5,superb
927,5,wonderful in every way
928,5,super
929,5,the is good and the is good
930,5,excellent
931,5,very quick delivery
932,1,no
933,5,this is the first time i ordered an from noon the is beautiful and has no faults
934,5,market lowest price with installment facility grate
935,5,noon excellent service
936,1,wrong color
937,1,worst
938,5,gb black
939,5,worth it and original product
940,5,very legit usa version
941,5,quality and credibility
942,5,original and fast delivery
943,5,excellent same excellent specifications
944,5,good product
945,5,speed
946,5,reasonable price seller very goodl
947,1,different model
948,5,amazing
949,5,fast delivery
950,5,this is the second i have bought from noon
951,1,i did not get the cash back of rial
952,4,product is original and sealed as expected
953,5,great
954,1,nice but
955,5,its was awesome when i opened i feel the new
956,5,great product
957,5,thanks
958,1,earpiece quality is not good
959,5,all
960,5,mashaallah its nice
961,5,fast delivery and authenticity
962,5,delivery speed
963,4,not tra version but mentioned in description
964,5,excellent and we want offers for our continuing customers thank you
965,5,perfect
966,5,honesty is the most beautiful thing that distinguishes you
967,2,why is the warranty less than two years
968,5,original and beautiful
969,1,wrong version
970,5,original product
971,1,there is no sign
972,5,it was good and arrived right away
973,5,amazing experience
974,1,the product is american version and i want the uae version
975,5,timely delivery
976,5,original
977,5,
978,5,good
979,5,do always realistic service
980,5,noooo
981,3,the heat
982,3,the device is priced a little higher than the market price
983,1,price is high
984,5,quick delivery and services
985,5,brand new well packaged
986,1,bad touch screen
987,5,original and verified by
988,5,
989,5,awesome product very good and super awesome product very good and super
990,1,i ordered an tdra i received china
991,5,the is new as described
992,5,best ever
993,5,genuine original product
994,5,super
995,2,the is broken
996,5,very wonderful very wonderful very wonderful amazing fantastic fantastic
997,5,excellent
998,5,its good
999,5,
1000,4,good price
1001,2,no translation available
1002,5,beautiful
1003,5,fast delivery perfect on time
1004,5,original product
1005,5,original product
1006,1,the service is very bad regarding the warranty
1007,5,good
1008,4,i like product
1009,5,
1010,5,the color is terrible
1011,4,this is not international version
1012,5,very nice original as described
1013,5,the is great and its performance is great and excellent
1014,5,excellent
1015,5,original and excellent price
1016,4,a device lighter than the
1017,5,awesome experience with noon
1018,3,non tdra
1019,5,lovely
1020,1,middle east version required
1021,5,excellent experience
1022,5,really its good product
1023,4,version
1024,4,amazing thank you noon
1025,5,great
1026,5,excellent
1027,5,satisfied
1028,5,quick and fastest service thanks to deliveryboy specially
1029,5,device
1030,5,excellent
1031,5,amazing
1032,4,best product
1033,5,working so smoothlybest lookingsuper product
1034,5,perfect price excellent customer service
1035,1,choose an product to ensure quality
1036,5,excellent
1037,5,the best ive owned by far
1038,5,the device is working
1039,5,original
1040,5,original
1041,5,as expected
1042,5,very beautiful
1043,5,good product
1044,1,item isnt same as listed
1045,1,the device has a factory defect
1046,5,the device is excellent thank god thank you noon
1047,5,best price and quick delivery
1048,5,good but i ordered black color
1049,5,honestly beautiful performance and fast delivery
1050,1,it is not clear that the product is japanese
1051,5,the service is very good and delivery was fast
1052,1,the packaging felt refurbished
1053,3,nice but a little hot
1054,5,my st experience with noon
1055,5,good purchase
1056,1,type
1057,5,i like it
1058,1,very bad
1059,5,
1060,5,product quality and timely delivery
1061,5,the product is original
1062,5,original
1063,5,impressive product as you know that
1064,4,good
1065,5,genuine product
1066,1,i order international versions
1067,5,original and no solution
1068,5,price drops
1069,5,original as described japanese version
1070,5,this good
1071,5,original and very good
1072,5,awesome
1073,4,amazing
1074,5,very very beautiful
1075,5,awesome
1076,1,the product arrived used
1077,5,excellent
1078,1,black spot on front
1079,5,super fast delivery
1080,1,was already activated days before delivery
1081,4,the price of the is special
1082,1,refurbished item
1083,1,im not enjoying the product
1084,4,
1085,5,excellent
1086,5,excellent
1087,1,not for middle east
1088,5,superb
1089,1,i received a wrong product
1090,5,the most important thing is that it is and the rest have the same specifications
1091,5,delivery speed
1092,5,very nice the specifications are as they are i recommend buying it
1093,1,fake not middle east version
1094,5,honesty of transaction
1095,4,warranty and purchase document
1096,1,motherboard issue
1097,5,nice
1098,1,it was janeese model and description mentioned as intrrnational veraion
1099,5,good
1100,1,i got japanese spec not a trusted supplier
1101,1,got japanese version
1102,5,the speed of delivery and the price was better
1103,2,i wanted hk version
1104,5,original product fastest delivered by noon
1105,5,trust values
1106,1,the product is not working properly
1107,5,very good
1108,5,the
1109,1,i ordered a dual sim
1110,5,natural titanium
1111,5,the device is very excellent thank god
1112,5,excellent
1113,4,great product and delivered on time
1114,5,sweet uncle i recommend trying it with noon
1115,5,best product u can trust noon
1116,5,good
1117,5,after a month and a half of trying
1118,5,its on thank god
1119,4,not international version
1120,1,dont buy it online its damaged
1121,5,genuine
1122,5,the product is as described new and at an excellent price
1123,5,
1124,5,was delivered next day everything seems fine great service
1125,1,it said hk but send me china version with out ai
1126,1,working so bad
1127,5,very good product thank you for your interest
1128,4,love the device
1129,4,i really liked it and it is nice and smooth to use
1130,1,plastic sealed looks like not even a new one
1131,5,the device is original and excellent and the price is the lowest in the market i recommend dealing with noon
1132,5,its legit
1133,5,product quality
1134,5,amazing
1135,5,original
1136,1,i purchased a device and the icloud account is not working
1137,5,thank god i ordered it and it is good original and has exactly the same specifications
1138,5,premium edition
1139,5,very excellent
1140,5,quality
1141,5,happy with noon
1142,1,bad product
1143,4,
1144,5,the product is original
1145,5,i recommend it to you its amazing
1146,5,original product from
1147,5,the product is new and official warranty start after i open
1148,5,excellent
1149,5,original and authentic
1150,5,original product thanks to seller and noon for faster delivery
1151,1,
1152,5,the product is very nice
1153,5,excellent product and fast delivery
1154,5,
1155,4,its good
1156,5,original packaging and product
1157,1,shutting down
1158,1,as soon as i took the it suddenly became hot
1159,3,writing in arabic
1160,5,fast delivery well packaged and in use
1161,4,it is a japanese version
1162,1,the product is not as described i cannot put the sim card in
1163,5,god bless you
1164,5,
1165,5,very nice and punctual and the product is as described
1166,5,will be later with review
1167,5,happy
1168,5,amazing quality and reliable seller
1169,5,excellent as described i advise you to buy it
1170,5,good product
1171,5,good quality and good product
1172,5,arrived quickly and the packaging is excellent
1173,5,seller
1174,5,right choice for minimalist
1175,5,rate
1176,5,original
1177,5,service at noon
1178,1,old dated
1179,5,great product fast delivery
1180,5,good
1181,5,original arrived quickly and is in good condition thank god
1182,1,heating on day first
1183,1,the gps is not working
1184,5,hello
1185,5,very good
1186,5,good
1187,5,original product
1188,5,
1189,1,worest
1190,5,those who are afraid that it is not original
1191,5,excellent wonderful i advise everyone to buy it from noon
1192,4,good japanese version
1193,5,very good product
1194,5,the is great
1195,5,its perfect
1196,5,excellent i was very scared but it turned out to be excellent and not open
1197,5,legit
1198,5,superb
1199,5,wonderful
1200,4,everything was real and authentic
1201,5,good
1202,5,when you find the seller at noon make a quick call and buy with your eyes closed
1203,5,luxury
1204,5,beyond expectations
1205,5,thank god the request came true
1206,5,great piece
1207,5,thanks noon for good price
1208,5,perfect new
1209,5,very good
1210,3,one year warranty
1211,5,sooo satisfying
1212,5,the store is excellent
1213,2,no aplle care preactivated
1214,3,and performance speed
1215,5,good product delivered on time
1216,5,masha allah super mall is fast in delivery it arrived within an hour
1217,5,product as described
1218,5,the best smartphone of all times
1219,2,
1220,5,authentic
1221,5,no
1222,5,no hesitate to buy
1223,5,authenticity and originality
1224,5,perfectly accurate and genuine
1225,1,not working
1226,1,not working keep restarting
1227,5,best service and quality
1228,5,very fast delivery arrived within minutes
1229,5,
1230,1,drain to fast and heating
1231,5,
1232,4,yes
1233,5,worth for money and fast delivery
1234,5,excellent delivery schedule
1235,5,very nice product good quality
1236,5,all the valuable and good things
1237,5,excellent
1238,5,very beautiful
1239,1,its japan version not international one
1240,5,great stuff
1241,5,excellent with the same specs as mentioned
1242,5,the is excellent
1243,5,fast delivery and excellent service
1244,5,its original
1245,5,noon app is so good
1246,1,a different version was sent
1247,5,the product is flawless as if you bought it from the official store
1248,5,
1249,1,brother i received the wrong product
1250,4,adventure
1251,5,excellent promotions
1252,5,superb
1253,2,i got the without catalog
1254,5,i bought it because it is cheaper than the market and because the delivery is fast
1255,5,all over experience excellent
1256,5,received as described
1257,5,excellent and continuous
1258,5,the device and color are very nice
1259,5,thank you noon this is the best offer among all distributors
1260,5,very good
1261,1,the has many defects
1262,1,does not support embedded sim
1263,5,thnks alot for very good service
1264,5,
1265,5,thank you original thank you original noon thank god
1266,1,bad seller
1267,1,it gets very hot in use
1268,5,everything is in correct order
1269,5,timely delivery with accurancy
1270,5,is original but kuwait version
1271,5,original
1272,5,yes
1273,5,original tdra
1274,1,dishonest seller
1275,5,japanese version not global
1276,5,original
1277,4,fast service
1278,5,good
1279,5,new
1280,5,new version conforming to new specifications
1281,3,its saudi version
1282,2,preowned or used
1283,5,the is original
1284,5,fabulous noon
1285,5,good
1286,5,the original is very nice and the cheapest price on the websites thank you noon
1287,1,no warranty policy was provided
1288,5,excellent
1289,5,
1290,5,amazing
1291,5,fast delivery original
1292,3,is good
1293,5,amazing
1294,1,manufacturing defect
1295,5,product
1296,5,original
1297,5,fast delivery and original product
1298,5,i recommend this to you
1299,1,the device came to me
1300,5,genuine
1301,4,fast delivery and original packing
1302,5,good
1303,5,good quality product
1304,5,very respectable company
1305,4,good
1306,1,its too expensive i see it less than this price
1307,5,original and fast delivery
1308,5,very good but face time not working
1309,3,evaluation
1310,1,high copy device and dishonest dealer
1311,1,it was not same item i choose
1312,5,nice and geniune product
1313,5,swift delivery experience
1314,1,i cant find the invoice or the warranty
1315,3,the is very good but the size is very very small
1316,1,unrequested copy
1317,4,quality
1318,1,make sure the product is as described
1319,5,thanks
1320,5,only
1321,5,speed and achievement
1322,5,great deal
1323,5,
1324,5,
1325,5,it arrived to me in two days and came to me exactly as i wanted without any changes
1326,5,as described
1327,4,good experience
1328,5,very happy with the product and delivery
1329,5,great
1330,5,thanks
1331,1,the device turns off and on by itself
1332,4,on time delivery
1333,5,good
1334,5,on time delivery and seriousness
1335,5,brand new
1336,5,amazing item
1337,5,smooth experience
1338,5,i liked it and prayed
1339,5,genuine what they display they give to us
1340,5,original product
1341,2,the box has scratches and is not suitable for a new
1342,3,no facetime and yet it is met to have it
1343,5,good
1344,1,product not conforming to uae specifications
1345,5,nice
1346,4,good
1347,5,perfect
1348,5,excellent
1349,1,two lines appear on the screen and then disappear
1350,5,good price and fast delivery
1351,5,excellent original original
1352,5,original
1353,4,original quality
1354,5,great product
1355,1,battr
1356,5,good
1357,1,the device is not working
1358,1,product is not tdra
1359,5,its beyond my expectations
1360,5,all time best much more than my expectations
1361,5,delivery in less than an hour
1362,5,perfect original product
1363,1,delivery late
1364,3,very nice
1365,4,the package was not good the box
1366,5,price and delivery
1367,5,just add new button
1368,5,hello noon
1369,5,thank you very much noon
1370,5,best quality
1371,5,on time delivery
1372,5,good product
1373,5,thank you from the bottom of my heart
1374,5,genuine product
1375,5,original
1376,5,nice hz display
1377,4,excellent
1378,5,punctuality speed of execution
1379,5,as expensive from
1380,5,the delivery driver was very uncooperative
1381,5,i thank you to non
1382,5,great product
1383,5,i took it and i was hesitant
1384,5,genuine product
1385,5,thank you noon
1386,5,original and received on time
1387,1,they gave me the wrong item
1388,1,the device is overheating
1389,5,best
1390,1,the price is riyals more expensive than the stores
1391,5,it has two nano sim cards but can i add an esim card
1392,5,
1393,5,terrible terrible
1394,5,the product is original
1395,5,very nice and the price is perfect
1396,5,good
1397,5,trusted seller
1398,5,great quality and great price
1399,5,mashaallah it arrived in record time and everything is the same
1400,5,legit
1401,5,delivery speed
1402,5,original middle east version
1403,5,i have verified his testimony
1404,5,super highquality
1405,5,original
1406,5,is so good
1407,5,original
1408,5,geniune product
1409,5,standard
1410,3,the color i got is not the one i ordered
1411,4,original and clean
1412,5,excellent delivery service and original item
1413,5,excellent service
1414,5,
1415,5,
1416,5,always satisfying from noon
1417,5,great
1418,4,it would be nice if the price could be reduced
1419,5,
1420,5,no
1421,5,worth it
1422,3,soooper
1423,5,feeling so good
1424,5,original delivered fast
1425,5,fast delivery and the device is excellent
1426,1,the hangs and turns off and on by itself
1427,1,product not displayed
1428,5,fast delivery good in price
1429,5,ok
1430,5,good
1431,1,manufacturing defect
1432,5,gb
1433,5,the device is original and the packaging is excellent
1434,5,fantastic
1435,5,original product
1436,5,the product is original
1437,5,genuine tdra version
1438,5,
1439,5,this is good working
1440,5,delivery was terrible
1441,5,original thank you
1442,5,the is very good and its price is excellent
1443,5,product as specified
1444,5,thank you very much it was very nice and the communication was very fast
1445,5,flawless
1446,5,
1447,5,nice with fantastic and features
1448,5,excellent thank you noon fast delivery and excellent packaging
1449,5,same as described
1450,1,osim american system device
1451,5,amazing price gud quality
1452,4,original device and delivery on time
1453,1,not the global version
1454,5,good quality
1455,5,develop the zoom
1456,5,the device is original
1457,5,noon excellent service
1458,5,original product
1459,5,original product
1460,1,i have a problem with my
1461,1,he claims to be the global version but its japanese
1462,5,its color is amazing
1463,5,
1464,5,wow an amazing original american
1465,5,good but not internation version
1466,5,perfection
1467,5,a civilized and beautiful shopping style
1468,5,very excellent and original thank god all my phones are from noon and i have no regrets
1469,5,original
1470,5,on time delivered
1471,1,the hangs and white lines appear
1472,5,original product
1473,5,authentic without a doubt
1474,5,nice
1475,5,i love it
1476,5,noon app is very nice
1477,5,
1478,5,it is original i recommend it
1479,5,as shown
1480,5,original and packed was very professional way
1481,5,very fast service and product
1482,5,original and respectable item
1483,5,fast shipping best price
1484,5,good quality and good price
1485,5,
1486,1,defected item
1487,5,very good
1488,5,best service
1489,5,nothing
1490,3,problem
1491,1,it says it supports the sim card but it turns out it doesnt
1492,1,
1493,2,not the arabic version
1494,5,its real
1495,5,fast delivery thank you for the good treatment
1496,5,awesome
1497,5,sweet
1498,5,collll
1499,5,this device is good
1500,5,very nice
1501,5,exactly as described
1502,1,the is not the advertised version
1503,5,genuine product
1504,5,very comfortable in hands and fast processing
1505,5,new version
1506,5,excellent
1507,5,perfect better price than
1508,5,original and fast delivery
1509,2,mashaallah veryyy good
1510,2,bad product global version
1511,3,received but manufacturer date is old
1512,5,very good so much
1513,5,genuine and great
1514,5,excellent
1515,5,love it
1516,5,excellent
1517,5,excellent
1518,5,its amazing
1519,5,
1520,5,fast delivery
1521,1,no difference from
1522,5,best products
1523,5,excellent product
1524,5,
1525,1,broken and hot it doesnt work
1526,5,by god he is an artist
1527,1,not explained
1528,5,same as prescribed genuine and new device
1529,5,very nice
1530,5,as shown in the description original
1531,1,delivery delayed despite paying for expedited delivery
1532,5,yes
1533,5,its original
1534,5,very good quality
1535,5,great
1536,5,amazing
1537,5,original
1538,5,the product arrived on time
1539,5,first impression is colour superb
1540,5,original thanks noon
1541,5,beautiful colour
1542,5,
1543,5,paper does not come with the box
1544,5,there is no noticeable difference between the and
1545,5,
1546,5,
1547,5,good product
1548,5,great
1549,5,very nice performance
1550,5,arrived on time
1551,5,original superb delivery time in minutes
1552,2,siri didnt work
1553,5,fast delivery and ease of purchase
1554,1,item not working
1555,4,i got the perfect product
1556,5,best
1557,5,im happy with my purchase
1558,5,orginal products
1559,4,very good
1560,3,the does not come with a warranty
1561,5,genuine product
1562,5,love
1563,5,unnaturally stiff
1564,1,china assembly problem sar
1565,1,saudi version
1566,5,original product no issues
1567,5,original authentic
1568,5,trust noon
1569,1,the product is chinese and not as described
1570,5,product care
1571,5,im happy thank you
1572,5,sweet
1573,3,china version
1574,5,nice and very attractive
1575,5,its original and good
1576,5,the device is faultless
1577,5,its amazing
1578,5,too good
1579,5,best
1580,5,original
1581,1,average
1582,5,original product
1583,1,i got a different color than the one i ordered
1584,5,good and genuine product
1585,5,their quality is excellent and they arrived quickly
1586,5,its a hundred percent original
1587,5,good product
1588,5,original product
1589,1,freighter
1590,2,no face time in this device
1591,5,nice
1592,5,best product in the offered price
1593,5,original
1594,5,nice
1595,1,different from the ordered product and without packaging
1596,5,best
1597,5,perfect size
1598,5,good
1599,5,very fun to use
1600,5,no everything is beautiful
1601,5,excellent
1602,5,perfect seller
1603,5,black titanium
1604,5,original product
1605,5,original
1606,5,its original
1607,5,its original store confirmed
1608,1,screen touch issue
1609,5,delivery speed
1610,5,delivery on time and the product is as described
1611,5,worth it to buy
1612,5,the is good it arrived intact no problems so far
1613,5,desert titanium
1614,5,amazing
1615,5,its amazing
1616,5,original
1617,5,i recommend it
1618,5,marvelous
1619,5,good
1620,5,masha allah i am praying
1621,1,spot coming out at the bottom of the screen
1622,5,nice product
1623,5,it was good exprince with noon
1624,5,fast deliver and authentic
1625,5,seller
1626,5,great as described
1627,5,i really like this
1628,5,original
1629,5,
1630,3,unfortunately it came in a different color
1631,5,legit
1632,5,very good and great price
1633,2,average
1634,5,middle east version is excellent
1635,5,amazing product
1636,5,wonderful
1637,5,may god bless you
1638,2,price
1639,2,all time net problem
1640,5,timely delivery
1641,1,this one not honkong model
1642,5,original
1643,4,excellent product
1644,5,excellent worth buying
1645,5,
1646,5,product is perfect in packing
1647,5,perfect
1648,5,
1649,5,
1650,5,good
1651,1,there is a problem with the device
1652,4,product review
1653,4,the device is good but the box is not in good condition
1654,5,the materials are not suitable for the price
1655,5,gb
1656,5,best quality
1657,5,awesome
1658,4,original product as described
1659,5,masha allah its original
1660,5,thank you noon
1661,5,high quality products
1662,5,its really awesome and smooth
1663,5,excellent device
1664,5,
1665,5,good
1666,5,excellent i recommend buying
1667,5,
1668,5,excellent
1669,1,sucks
1670,5,thank you all
1671,5,i hope the cartons are new for the product
1672,5,you are always trustworthy
1673,5,product is original
1674,4,on time original product
1675,5,the has the same specifications as requested and is original
1676,5,good promax
1677,5,super
1678,1,scratches
1679,5,super fast delivery
1680,4,original product
1681,5,super
1682,5,good seller recommended original
1683,5,original
1684,5,it is very nice i recommend it to you you will not regret it
1685,5,excellent
1686,5,
1687,5,the product is good and the man is respectable
1688,5,
1689,2,data
1690,5,shipment arrived in time without delay
1691,5,pro gb
1692,5,excellent
1693,5,its perfect mashallah alhumdulillah
1694,5,nice product as advertised quick delivery
1695,1,item not as described
1696,4,its amazing
1697,5,originally product
1698,5,original
1699,5,excellent service by noon and good product
1700,5,original
1701,5,genuine product appreciate it
1702,5,amazing
1703,4,excellent and continuous
1704,1,fake product
1705,1,it turned out to be small but i want it to be big
1706,5,god willing god bless
1707,1,i was given a chinese device
1708,5,
1709,5,original product
1710,4,
1711,5,pure original so happy
1712,5,fast delivery
1713,1,tradition
1714,5,
1715,5,
1716,5,very good
1717,5,product quality
1718,5,the is original
1719,5,satisfied with the service and product
1720,5,orignal
1721,1,deliver wrong
1722,5,fast delivery and original product
1723,5,as mentioned it was good
1724,5,i
1725,5,genuine
1726,5,size and color
1727,1,preactivated used
1728,5,too good
1729,5,excellent original
1730,5,very good and very good quality
1731,5,its original
1732,5,great device with facetime
1733,5,lowest price i found
1734,5,its come on time
1735,5,
1736,5,original
1737,1,
1738,5,
1739,5,product
1740,5,an artist i swear
1741,5,superb service fast delivery
1742,5,the product is original and from extra
1743,5,original product
1744,5,original product
1745,5,good original product
1746,5,thnx noon
1747,5,good
1748,5,great ever
1749,5,very nice deal
1750,5,one slice and not two
1751,5,excellent
1752,5,good chose noon i like it noon
1753,5,he is one of the arabs calculators
1754,5,very excellent service
1755,5,as described
1756,5,original and great product
1757,5,good quality
1758,5,original i recommend it
1759,5,very good
1760,5,mashallah
1761,5,his photography is great
1762,5,excellent product original thank you noon
1763,5,thank you very much
1764,5,delivery speed
1765,5,i like it
1766,5,today get as i like
1767,5,
1768,5,delivery of item on time
1769,5,best
1770,5,fast packaging and delivery
1771,5,super fast delivery
1772,2,not get cat log
1773,5,it arrived within an hour
1774,5,excellent i highly recommend it
1775,5,good job noon management uae
1776,5,great as described
1777,5,noon is the best store in the world
1778,5,original product
1779,4,product international
1780,5,very satisfied
1781,5,
1782,5,new pc
1783,5,delivery
1784,1,touch soon bad
1785,5,excellent
1786,5,as described good
1787,5,size sound
1788,5,awesome
1789,5,original
1790,5,excellent
1791,4,nice
1792,5,yes
1793,5,great product
1794,5,temperature
1795,5,amazing product
1796,5,genuine
1797,5,amazing product
1798,4,exactly as described
1799,5,good
1800,5,perfekt
1801,3,its used
1802,5,excellent
1803,5,
1804,4,nice product
1805,5,superp
1806,5,good
1807,5,very fast delivery in less than an hour
1808,5,fantastic
1809,5,nice result
1810,5,
1811,5,frankly it is beyond description
1812,5,good products
1813,5,recommend
1814,5,discount and very reasonable price
1815,5,great keep going
1816,5,original products and punctual delivery times
1817,5,original arrived ontime
1818,5,
1819,5,ok
1820,5,good product and price
1821,5,great
1822,5,fast delivery excellent service
1823,5,items is good but so lose price
1824,5,same as shown
1825,5,my first and its perfecto
1826,5,god willing everything will be fine
1827,5,best
1828,5,great
1829,5,
1830,5,awesome
1831,5,original
1832,5,its original
1833,5,v nice product
1834,5,the speed of the order was very fast
1835,5,original and the price is cheaper than their competitors
1836,5,fast delivery and years warranty
1837,5,original genuine seller
1838,5,original
1839,5,top tier
1840,5,thank you very much for your service
1841,4,genuine products
1842,5,its a gift
1843,5,original
1844,5,noon is the best online store
1845,5,
1846,5,the is original
1847,5,original with facetime
1848,5,its japanese made in
1849,5,i liked it the most important thing is the seller noon be careful
1850,5,
1851,5,the device is original and identical
1852,1,wrong title
1853,5,fast service
1854,5,awesome device
1855,5,delivery speed
1856,5,the is orig
1857,5,original
1858,5,fast delivery
1859,5,the best ever
1860,5,very good
1861,5,to remain on this credibility
1862,5,excellent service
1863,5,great
1864,5,the is very good
1865,5,
1866,5,finaly i like this
1867,5,the price
1868,5,its to cheap buy everyone
1869,5,
1870,5,for
1871,5,amazing product
1872,5,good performance
1873,5,nice product
1874,5,value for money
1875,5,very nice
1876,5,excellent
1877,5,sentiment
1878,1,japanese specifications not gulf
1879,4,japan variant
1880,5,the is original
1881,5,great product
1882,5,very good product i love it
1883,1,not as described
1884,5,
1885,5,product as advertised
1886,5,
1887,5,how is the warranty
1888,5,original product
1889,5,everything is as it appears in the picture
1890,1,
1891,5,its really good
1892,5,i highly recommend it
1893,5,the known is not known
1894,3,good product
1895,5,great as described
1896,5,amazing all good
1897,5,original product
1898,5,amazing
1899,5,good
1900,1,the item has some scratches
1901,3,
1902,5,original product
1903,5,perfect
1904,5,superb
1905,5,original product
1906,5,reduced price with discount
1907,5,everything perfect
1908,5,credibility
1909,5,perfect
1910,5,the most important thing is that it is original
1911,5,super
1912,5,quick delivery and great product
1913,1,its heating
1914,4,affordable
1915,5,service was quick
1916,2,fake
1917,5,high credibility
1918,5,
1919,5,great
1920,5,original
1921,5,product quality
1922,5,amazing
1923,5,nice
1924,1,face id not working
1925,1,
1926,5,excellent
1927,5,good product
1928,5,genuine product
1929,3,i did not use it yet
1930,4,original
1931,4,the is original
1932,5,excellent product thanks for the credibility
1933,5,quality product
1934,5,very good
1935,5,highly recommended
1936,1,charger cord not working
1937,5,delivery speed and product quality
1938,5,very good
1939,4,
1940,5,fastest delivery
1941,5,legendary
1942,5,great experience
1943,5,good product sells
1944,5,i
1945,1,verybad
1946,5,original
1947,5,original
1948,5,excellent
1949,5,excellent packaging and fast delivery
1950,4,the product is original
1951,5,great product
1952,5,original product
1953,5,
1954,5,
1955,5,brilliant
1956,5,original and fast delivery
1957,5,good ite
1958,5,very good
1959,5,legit international version
1960,4,late coming
1961,5,lets go
1962,5,amazing
1963,5,
1964,5,original sealed package
1965,5,very good
1966,5,good genuine product
1967,5,i received original
1968,5,buy an
1969,5,
1970,5,excellent
1971,5,real as shown
1972,4,good product
1973,5,its the perfect size
1974,5,original
1975,1,no esim
1976,5,original product
1977,4,good received on time
1978,1,i order tdra
1979,5,the is original
1980,5,good product
1981,5,nice i love it
1982,3,he gets stuck and gets embarrassed
1983,4,original product
1984,5,very good
1985,5,timely delivered
1986,5,impressive colour
1987,5,
1988,5,highly recommended
1989,5,very nice
1990,5,nice i got it as a gift for my brother
1991,5,very nice
1992,5,same result very nice
1993,1,expensive for the market price
1994,5,very beautiful
1995,5,something beautiful
1996,5,quality
1997,1,the device is not working
1998,5,genuine product
1999,1,
2000,5,pro i like the
2001,5,product
2002,5,very beautiful
2003,1,ordered for tdra got different
2004,5,original quality
2005,5,excellent
2006,1,screen is bugging
2007,5,original product
2008,5,amazing arrived safely
2009,5,slim
2010,5,complies with specifications
2011,5,awesome
2012,4,thank you noon
2013,5,delivery time
2014,5,very nice product
2015,5,original
2016,5,smoothness
2017,5,everything is great
2018,5,good
2019,4,lovin the color
2020,5,high reliability and speed
2021,5,the prices are excellent
2022,5,very beautiful
2023,5,
2024,1,very bad
2025,5,authentic prompt delivery
2026,5,everything is beautiful
2027,5,superb
2028,5,excellent original
2029,5,amazing
2030,5,good stuff
2031,5,delivery and product
2032,5,delivery speed
2033,5,quality
2034,5,first delivery
2035,5,excellent
2036,5,price
2037,5,thank you noon
2038,5,if it breaks you fix it
2039,5,best product
2040,5,good
2041,1,the is confirmed
2042,5,good
2043,5,the is really great
2044,5,
2045,4,genuine product with warranty
2046,5,great as always
2047,5,fantastic
2048,5,very good
2049,5,original
2050,5,excellent
2051,5,
2052,5,excellent
2053,5,
2054,5,quick delivery
2055,5,brand new
2056,5,superb
2057,5,genuine product
2058,5,noon achive my dream
2059,5,original product
2060,5,original
2061,5,original
2062,5,thank you for your honesty
2063,5,quality is excellent
2064,5,
2065,5,quick delivery
2066,5,very
2067,5,original tdra
2068,5,genuine product
2069,1,bad and e sim only
2070,5,cute nice look
2071,1,i came without warranty
2072,5,great product
2073,5,good conditions
2074,5,beautiful and wonderful
2075,5,product and packaging cleanliness
2076,5,speed of delivery
2077,5,as described
2078,5,origilan tdra device
2079,5,best price
2080,5,nothing
2081,5,the is original
2082,5,
2083,5,good and genuine product
2084,5,new and affordable
2085,5,excellent
2086,1,the device is broken
2087,5,original product
2088,5,its good device
2089,5,good i love it
2090,1,very bad
2091,5,needless to say
2092,5,
2093,5,speed and same product
2094,5,full good
2095,5,original
2096,5,excellent god willing
2097,5,superbbb quality
2098,5,product is really good
2099,5,amazing
2100,5,original product
2101,5,i recommend this
2102,5,original
2103,5,its sooooooooooo crazy
2104,5,love the device
2105,5,very nice product
2106,5,very nice
2107,5,amezing
2108,5,original
2109,5,great
2110,5,good one
2111,5,excellent
2112,5,amazing
2113,5,genium product
2114,5,i like it
2115,5,very good
2116,5,its okay
2117,5,great thank god
2118,1,product
2119,5,good product
2120,5,
2121,5,ameing
2122,5,excellent and fast
2123,5,the best
2124,5,very beautiful
2125,5,thank you noon
2126,5,
2127,5,very good
2128,5,quality
2129,5,good product
2130,1,problems
2131,4,mex
2132,4,genuine
2133,5,authentic
2134,5,excellent
2135,5,fabulous
2136,5,hero
2137,5,original
2138,5,good product
2139,5,very good
2140,4,great
2141,1,his is kuwaiti
2142,5,very nice product
2143,5,original
2144,5,thanks noon
2145,4,price
2146,5,excellent and original
2147,5,mashallah its good
2148,5,very good
2149,5,arrived on time
2150,5,yes
2151,5,good product
2152,5,genuine and new
2153,5,looveee itt
2154,5,
2155,5,nothing
2156,5,i dont need to say anything
2157,1,the device is faulty and needs a warranty
2158,5,good quality
2159,5,the same one in the market is excellent
2160,3,theres no facetime
2161,5,good
2162,5,get as the shown
2163,5,excellent product
2164,5,excellent
2165,4,the color
2166,5,beautiful
2167,5,perfect
2168,5,original
2169,5,original
2170,5,nice
2171,5,good
2172,5,very nice
2173,5,as described
2174,5,amazing
2175,5,really good
2176,5,good product
2177,5,terrible service
2178,4,excellent
2179,4,screen
2180,5,beautiful and original
2181,5,good
2182,5,excellent product
2183,5,quality good
2184,5,full details
2185,5,delivery speed
2186,5,very good
2187,5,
2188,5,original
2189,5,excellent
2190,1,the price is too high
2191,5,haaappieee
2192,5,very good
2193,5,
2194,5,very nice
2195,5,good
2196,4,excellent delivery
2197,5,excellent
2198,5,thank you noon
2199,5,nice
2200,5,original and very sweet
2201,5,as described
2202,5,delivery speed
2203,5,perfect
2204,5,genuine product
2205,5,excellent original
2206,5,excellent
2207,5,nice product
2208,5,wonderful
2209,5,delivery speed
2210,5,
2211,5,original product
2212,5,orginal one
2213,5,fast delivery
2214,5,original
2215,5,awesome
2216,3,its a weak voice
2217,5,just as described
2218,5,nice product
2219,5,good product
2220,5,good service
2221,5,amazing
2222,5,
2223,5,nice
2224,5,genuine
2225,5,fast delivery
2226,4,genunie product
2227,5,excellent
2228,5,the service is excellent
2229,4,looks and feel
2230,5,very nice
2231,5,good service
2232,5,nice
2233,5,very nice
2234,5,
2235,4,nice product
2236,1,both working
2237,5,excellent
2238,5,good product
2239,5,amazing
2240,5,it arrived just as i wanted and more
2241,5,very good
2242,5,good
2243,5,good product
2244,5,very good
2245,5,good experience
2246,5,legit product
2247,5,very excellent
2248,5,no problem
2249,5,nothing
2250,5,original
2251,5,good product
2252,5,amazing
2253,5,the device
2254,5,excellent
2255,3,not a gulf version
2256,5,very beautiful
2257,5,nice
2258,5,excellent service
2259,5,
2260,5,good product
2261,5,quick delivery
2262,5,excellent
2263,5,fast delivery
2264,5,
2265,5,its good
2266,5,as described
2267,5,nice and i recommend it
2268,5,
2269,5,i love it
2270,5,good
2271,5,all good
2272,5,perfect delivery time
2273,5,thanks noon
2274,5,device type
2275,5,
2276,5,thanks
2277,1,
2278,5,very good
2279,5,nice look
2280,5,great
2281,5,this is excellent
2282,5,thank you
2283,5,very luxurious product
2284,2,
2285,5,trust
2286,4,good
2287,5,original
2288,5,original
2289,5,excellent
2290,5,original type
2291,5,very nice
2292,5,very nice
2293,5,loved it
2294,5,great
2295,5,excellent
2296,5,god willing
2297,5,amazing
2298,5,
2299,5,geart
2300,5,i
2301,5,
2302,5,amazing
2303,5,beautiful
2304,5,ok
2305,5,good
2306,5,awesome
2307,5,good good
2308,1,the product is not original
2309,5,the product
2310,5,very nice
2311,4,goood
2312,1,broken
2313,5,
2314,5,original
2315,5,excellent
2316,5,fantastic
2317,5,uae version
2318,4,the product is original
2319,5,very good
2320,1,not good
2321,5,
2322,5,excellent and continuous
2323,5,speed of completion
2324,5,good price and quality product
2325,5,the device
2326,5,good product
2327,5,excellent
2328,1,bad
2329,5,good product
2330,5,original
2331,5,original product
2332,5,no mistake
2333,5,orgnel product
2334,5,i
2335,5,recommeded
2336,5,so happy
2337,5,amazing device
2338,5,very nice product
2339,5,high quality
2340,5,original
2341,5,
2342,5,good condition
2343,5,as described
2344,4,yes
2345,5,super fast
2346,5,original
2347,5,as expected
2348,5,my experience
2349,5,goodbye
2350,5,exceeds expectations
2351,5,mins delivery
2352,1,i think its fake
2353,5,king
2354,5,good
2355,5,yes
2356,5,beautiful
2357,5,good seller
2358,5,sweet
2359,5,original
2360,1,flaw
2361,5,good phot
2362,5,excellent
2363,2,not tdra
2364,5,excellent
2365,5,ontime delivery
2366,5,very good
2367,5,excellent
2368,5,amazing
2369,5,super amazing
2370,5,original
2371,5,imagination
2372,5,masallah
2373,5,good
2374,5,excellent
2375,1,the product is fake
2376,5,excellent
2377,5,very good
2378,5,i love it
2379,5,good
2380,5,original
2381,5,very good
2382,5,fast delivery
2383,5,the product is original
2384,5,everything is beautiful
2385,5,delivery speed
2386,4,original and the price is great
2387,5,original and very sweet
2388,5,nice
2389,5,nice
2390,5,original
2391,5,the device
2392,5,excellent
2393,5,good
2394,5,nice
2395,5,original
2396,5,excellent
2397,5,i recommend buying it
2398,5,the is excellent
2399,5,good
2400,5,excellent
2401,5,vary good
2402,5,best device
2403,5,review
2404,5,amazing
2405,5,its good
2406,5,very nice
2407,5,van
2408,5,nothing
2409,5,original and reliable
2410,5,very good
2411,5,about
2412,5,i love it
2413,5,very good
2414,5,very good
2415,5,wonderful
2416,5,very nice
2417,5,good
2418,5,very good
2419,5,the is original
2420,5,amazing
2421,5,
2422,5,its very good
2423,5,nice
2424,5,
2425,5,very good
2426,5,amazing
2427,5,original calculators
2428,5,original
2429,5,the price is reasonable
2430,5,very excellent
2431,5,amazing
2432,5,fast delivery
2433,5,excellent
2434,5,excellent
2435,5,
2436,4,good product
2437,5,original product
2438,5,prefect
2439,5,og
2440,5,good
2441,5,og
2442,5,no mistake
2443,5,original
2444,5,nice
2445,5,wonderful
2446,5,genuine
2447,1,thank you noon
2448,5,delivery speed
2449,5,
2450,4,very very excellent
2451,5,good
2452,5,original store
2453,5,amazing
2454,5,very good
2455,5,excellent stars
2456,1,the price
2457,5,genuine
2458,5,excellent
2459,5,wonderful
2460,5,its very good
2461,5,as mentioned
2462,5,good
2463,1,fake
2464,5,very good
2465,5,excellent
2466,5,correct it
2467,5,excellent
2468,5,fast delivery
2469,5,great
2470,5,excellent
2471,5,excellent
2472,5,good
2473,5,nice
2474,5,excellent
2475,5,original
2476,1,dont buy
2477,5,as described
2478,5,original
2479,5,good
2480,1,wrong product
2481,5,good
2482,5,very good
2483,5,everything is fine
2484,5,very good
2485,5,original
2486,5,very good
2487,5,delivery service
2488,5,original
2489,5,the is original
2490,5,perfect
2491,5,excellent
2492,5,amazing
2493,5,excellent
2494,5,excellent
2495,5,excellent
2496,5,very beautiful
2497,5,thank you all
2498,5,very good
2499,5,supperb
2500,5,
2501,5,good choice
2502,5,fast delivery
2503,5,authentic
2504,5,at its special price
2505,5,original
2506,5,good product
2507,5,good
2508,5,i care about you
2509,5,excellent
2510,5,beautiful
2511,5,original
2512,5,good
2513,5,supar
2514,5,very good
2515,5,best always
2516,5,amazing
2517,5,excellent
2518,5,excellent
2519,5,so mini
2520,1,no tdra
2521,5,amazing
2522,5,
2523,5,original
2524,5,real original
2525,5,very beautiful
2526,5,amazing
2527,5,amazing
2528,3,good
2529,5,orignal
2530,5,great
2531,5,its quality
2532,4,original
2533,5,good
2534,5,excellent
2535,5,excellent
2536,5,good
2537,4,it was
2538,5,as described
2539,5,excellent
2540,5,worth it
2541,1,renewed
2542,1,not good
2543,5,original
2544,5,super
2545,5,excellent noon
2546,4,good
2547,5,original
2548,5,great
2549,5,perfect
2550,5,i love it
2551,5,
2552,5,just wow
2553,5,nice
2554,5,original
2555,5,super
2556,1,hangs
2557,5,original
2558,5,nice
2559,5,orjinal
2560,5,nice work
2561,5,original
2562,5,excellent
2563,5,nice product
2564,4,good
2565,5,
2566,5,original
2567,5,perfect
2568,5,excellent
2569,5,excellent
2570,5,good product
2571,5,under trial
2572,5,nice
2573,5,ery good
2574,5,very beautiful
2575,5,original
2576,5,awesome
2577,5,photography
2578,5,good
2579,5,excellent
2580,5,looking
2581,5,superior
2582,5,
2583,5,evaluation
2584,1,fake products
2585,5,superb
2586,5,as described
2587,5,no
2588,5,
2589,5,quality
2590,5,matches the description
2591,5,fast delivery
2592,5,quality
2593,5,good
2594,5,quality
2595,5,good
2596,4,good
2597,5,original
2598,5,original
2599,5,packaging
2600,2,my origin
2601,5,good product
2602,5,good
2603,5,imagination
2604,5,its orginal
2605,5,
2606,5,easy and beautiful
2607,5,excellent original
2608,5,i love its
2609,5,camels
2610,5,amazing
2611,5,
2612,5,
2613,5,excellent
2614,5,shurkran
2615,5,god bless
2616,5,excelent
2617,5,very nice
2618,5,excellent
2619,5,good
2620,5,satisfied
2621,5,good
2622,5,amazing
2623,5,beautiful
2624,5,
2625,5,
2626,5,original
2627,5,amazing
2628,5,original
2629,5,original
2630,4,good
2631,5,magnificence
2632,5,thank you all
2633,5,good
2634,5,great
2635,5,
2636,5,original
2637,5,all is well
2638,5,beautiful
2639,5,excellent
2640,5,very good
2641,5,good
2642,5,excellent
2643,5,best
2644,5,excellent
2645,5,original product
2646,5,amazing
2647,5,good
2648,5,
2649,5,
2650,5,
2651,5,good
2652,4,good
2653,5,excellent
2654,5,delivery speed
2655,5,perfect
2656,5,good
2657,5,nice
2658,5,excellent
2659,5,
2660,5,good
2661,5,very beautiful
2662,5,the price
2663,5,good
2664,5,excellent
2665,5,good
2666,5,original
2667,5,excellent
2668,5,good
2669,5,the device
2670,5,thank you noon
2671,5,thank you
2672,5,very good
2673,3,mah
2674,5,excellent
2675,5,no
2676,5,excellent
2677,5,excellent
2678,5,
2679,5,perfecto
2680,5,good
2681,5,excellent
2682,5,goood
2683,5,best price
2684,5,nothing
2685,5,excellent original
2686,5,noon
2687,5,nice
2688,5,crazy
2689,5,the core
2690,5,amazing
2691,5,excellent
2692,5,good
2693,5,excellent
2694,5,
2695,5,excellent
2696,5,excellent
2697,5,nic
2698,5,good
2699,5,wow
2700,5,original
2701,5,good
2702,4,
2703,5,excellent
2704,5,amazing
2705,5,good
2706,5,excellent
2707,5,excellent
2708,5,excellent
2709,5,awesome
2710,5,good
2711,5,good
2712,5,original
2713,5,its all sweet
2714,5,giod
2715,5,good
2716,4,good
2717,5,excellent
2718,5,good
2719,5,good price
2720,5,good
2721,5,good
2722,5,amazing
2723,5,thank you
2724,5,great
2725,5,trusted
2726,5,good
2727,5,excellent
2728,5,excellent
2729,5,excellent
2730,5,good
2731,5,excellent
2732,5,nothing
2733,5,artists
2734,5,great
2735,5,excellent
2736,5,excellent
2737,5,excellent
2738,5,good
2739,5,love
2740,5,good
2741,5,good
2742,1,good
2743,5,original
2744,5,excellent
2745,5,two
2746,5,good
2747,5,good
2748,5,good
2749,5,nice
2750,5,good
2751,5,good
2752,5,
2753,5,excellent
2754,5,good
2755,5,good
2756,5,good
2757,5,excellent
2758,5,good
2759,5,good
2760,5,good
2761,5,excellent
2762,5,excellent
2763,5,good
2764,5,good
2765,5,good
2766,5,great
2767,5,good
2768,5,good
2769,5,original
2770,5,
2771,5,good
2772,5,
2773,5,good
2774,5,nice
2775,5,good
2776,5,excellent
2777,5,good
2778,1,excellent
2779,5,good
2780,5,m
2781,5,thanks
2782,4,excellent
2783,5,great
2784,5,dubai
2785,5,thanks
2786,5,awesome
2787,5,good
2788,5,original
2789,5,sweet
2790,5,beautiful
2791,5,good
2792,5,excellent
2793,5,good
2794,5,beautiful
2795,5,good
2796,5,good
2797,5,thanks
2798,5,excellent
2799,5,nice
2800,4,screen
2801,4,beast
2802,5,nice
2803,4,good
2804,4,good
2805,2,good
2806,5,z
2807,5,good
2808,5,good
2809,5,artist
2810,5,super
2811,5,good
2812,5,good
2813,5,good
2814,5,
2815,5,excellent
2816,5,original
2817,3,nice
2818,5,best
2819,5,good
2820,5,excellent
2821,5,okkk
2822,5,beautiful
2823,5,thanks
2824,4,good
2825,4,original
2826,5,good
2827,5,good
2828,5,good
2829,5,good
2830,5,good
2831,5,good
2832,5,thanks
2833,5,
2834,5,distinct
2835,5,good
2836,5,good
2837,5,good
2838,5,nice
2839,4,perfect
2840,4,cable
2841,3,no
2842,5,beautiful
2843,5,original
2844,5,beautiful
2845,1,poor
2846,5,good
2847,5,good
2848,5,good
2849,5,beautiful
2850,5,good
2851,5,original
2852,4,good
2853,5,good
2854,5,good
2855,5,yes
2856,4,cell
2857,5,no
2858,5,tdra
2859,5,thanks
2860,5,nice
2861,5,good
2862,5,original
2863,5,original
2864,1,beloved
2865,5,love
2866,5,bad
2867,5,beautiful
2868,5,excellent
2869,5,fast
2870,5,good
2871,5,good
2872,5,perfect
2873,5,original
2874,5,best
2875,5,good
2876,5,good
2877,5,yes
2878,5,nice
2879,5,good
2880,5,good
2881,5,good
2882,5,good
2883,4,good
2884,5,good
2885,5,
2886,5,original
2887,5,
2888,5,
2889,5,yes
2890,5,all
2891,5,excellent
2892,5,
2893,5,god
2894,5,as
